filename,predicted_label
H58.wav,C
G25.wav,C
H62.wav,C
D31.wav,C
I114.wav,C
H20.wav,C
B31.wav,C
C39.wav,C
E51.wav,C
H12.wav,C
D42.wav,C
I39.wav,C
A46.wav,C
A12.wav,C
H25.wav,C
H35.wav,C
H50.wav,C
H30.wav,C
J19.wav,C
C65.wav,C
J32.wav,C
F70.wav,C
I9.wav,C
D7.wav,C
G11.wav,C
G23.wav,C
B2.wav,C
I4.wav,C
C69.wav,C
A2.wav,C
E93.wav,C
G73.wav,C
G19.wav,C
F12.wav,C
A48.wav,C
G35.wav,C
A65.wav,C
J80.wav,C
C66.wav,C
G78.wav,C
D58.wav,C
I46.wav,C
F31.wav,C
F8.wav,C
B70.wav,C
I20.wav,C
H54.wav,C
F68.wav,C
F7.wav,C
I74.wav,C
D63.wav,C
B22.wav,C
F88.wav,C
B18.wav,C
A61.wav,C
A62.wav,C
A18.wav,C
J87.wav,C
J8.wav,C
H45.wav,C
A52.wav,C
D20.wav,C
C57.wav,C
I64.wav,C
G26.wav,C
G37.wav,C
G13.wav,C
F48.wav,C
I32.wav,C
I66.wav,C
I73.wav,C
D14.wav,C
I75.wav,C
E9.wav,C
A15.wav,C
I54.wav,C
I36.wav,C
F74.wav,C
I100.wav,C
J53.wav,C
H34.wav,C
H31.wav,C
E74.wav,C
G69.wav,C
C67.wav,C
A28.wav,C
D37.wav,C
B66.wav,C
I43.wav,C
J23.wav,C
I99.wav,C
A138.wav,C
E28.wav,C
F20.wav,C
G29.wav,C
D45.wav,C
F90.wav,C
A66.wav,C
J35.wav,C
E36.wav,C
B55.wav,C
B26.wav,C
H67.wav,C
E72.wav,C
D43.wav,C
I70.wav,C
B20.wav,C
H46.wav,C
E87.wav,C
H17.wav,C
I27.wav,C
C6.wav,C
I23.wav,C
E18.wav,C
C102.wav,C
D51.wav,C
E63.wav,C
C59.wav,C
F91.wav,C
D44.wav,C
E134.wav,C
F36.wav,C
F33.wav,C
D28.wav,C
C60.wav,C
B15.wav,C
E68.wav,C
C33.wav,C
E54.wav,C
C25.wav,C
B79.wav,C
G16.wav,C
I49.wav,C
J34.wav,C
C62.wav,C
G52.wav,C
G50.wav,C
I18.wav,C
C50.wav,C
J62.wav,C
E34.wav,C
D41.wav,C
E80.wav,C
H32.wav,C
F95.wav,C
C47.wav,C
E22.wav,C
B7.wav,C
A64.wav,C
I113.wav,C
J77.wav,C
I71.wav,C
I10.wav,C
H69.wav,C
D15.wav,C
E60.wav,C
E56.wav,C
G22.wav,C
A53.wav,C
C74.wav,C
H64.wav,C
F92.wav,C
H43.wav,C
J43.wav,C
F98.wav,C
C28.wav,C
B64.wav,C
J59.wav,C
D26.wav,C
G67.wav,C
J68.wav,C
F57.wav,C
D25.wav,C
J82.wav,C
G66.wav,C
E61.wav,C
D54.wav,C
I37.wav,C
G60.wav,C
B34.wav,C
F94.wav,C
E8.wav,C
B17.wav,C
E35.wav,C
B46.wav,C
B32.wav,C
E79.wav,C
C2.wav,C
H8.wav,C
D19.wav,C
H29.wav,C
C36.wav,C
E39.wav,C
H59.wav,C
F85.wav,C
J71.wav,C
A22.wav,C
A23.wav,C
C46.wav,C
H37.wav,C
A13.wav,C
I8.wav,C
I6.wav,C
C42.wav,C
E91.wav,C
F55.wav,C
C72.wav,C
G31.wav,C
C44.wav,C
J52.wav,C
A50.wav,C
F72.wav,C
B59.wav,C
J61.wav,C
E7.wav,C
E82.wav,C
H68.wav,C
F101.wav,C
D3.wav,C
J16.wav,C
J18.wav,C
I2.wav,C
B28.wav,C
H57.wav,C
H51.wav,C
C32.wav,C
B27.wav,C
E12.wav,C
A36.wav,C
E1.wav,C
E90.wav,C
C29.wav,C
G59.wav,C
I17.wav,C
E13.wav,C
B71.wav,C
C73.wav,C
E96.wav,C
B29.wav,C
D65.wav,C
F41.wav,C
G77.wav,C
H60.wav,C
E30.wav,C
G33.wav,C
C58.wav,C
E53.wav,C
H21.wav,C
I68.wav,C
J51.wav,C
H23.wav,C
D39.wav,C
A126.wav,C
I102.wav,C
D33.wav,C
E24.wav,C
C21.wav,C
B37.wav,C
F51.wav,C
I52.wav,C
C64.wav,C
C26.wav,C
B89.wav,C
I14.wav,C
G49.wav,C
B60.wav,C
F23.wav,C
J65.wav,C
F46.wav,C
F129.wav,C
J64.wav,C
J3.wav,C
E37.wav,C
B92.wav,C
E70.wav,C
J12.wav,C
C76.wav,C
B91.wav,C
C41.wav,C
C49.wav,C
I50.wav,C
H2.wav,C
I44.wav,C
H41.wav,C
I131.wav,C
A3.wav,C
I24.wav,C
E43.wav,C
J78.wav,C
F115.wav,C
E78.wav,C
D48.wav,C
D40.wav,C
A7.wav,C
J4.wav,C
I22.wav,C
D13.wav,C
I55.wav,C
C38.wav,C
A42.wav,C
I130.wav,C
G9.wav,C
C18.wav,C
E14.wav,C
H38.wav,C
I16.wav,C
A9.wav,C
I90.wav,C
J83.wav,C
F45.wav,C
E32.wav,C
B11.wav,C
J36.wav,C
C34.wav,C
C4.wav,C
A17.wav,C
H18.wav,C
E49.wav,C
A67.wav,C
G57.wav,C
F6.wav,C
G56.wav,C
I56.wav,C
E65.wav,C
H39.wav,C
D55.wav,C
F52.wav,C
E92.wav,C
B75.wav,C
F71.wav,C
E45.wav,C
F44.wav,C
A25.wav,C
A5.wav,C
J55.wav,C
F19.wav,C
H22.wav,C
B68.wav,C
B57.wav,C
G74.wav,C
I38.wav,C
H48.wav,C
J31.wav,C
F4.wav,C
G46.wav,C
A38.wav,C
A21.wav,C
D38.wav,C
B30.wav,C
G12.wav,C
B50.wav,C
I15.wav,C
I3.wav,C
D32.wav,C
J49.wav,C
J37.wav,C
I86.wav,C
H4.wav,C
C16.wav,C
A49.wav,C
A54.wav,C
F113.wav,C
D35.wav,C
I118.wav,C
D5.wav,C
B8.wav,C
F17.wav,C
I58.wav,C
J25.wav,C
B4.wav,C
D52.wav,C
D18.wav,C
I127.wav,C
F81.wav,C
E46.wav,C
H10.wav,C
A55.wav,C
E10.wav,C
E40.wav,C
F59.wav,C
G76.wav,C
F114.wav,C
B3.wav,C
E6.wav,C
I76.wav,C
G14.wav,C
D30.wav,C
F65.wav,C
B23.wav,C
E19.wav,C
G47.wav,C
D10.wav,C
B93.wav,C
B5.wav,C
F84.wav,C
E77.wav,C
A29.wav,C
E26.wav,C
G43.wav,C
F89.wav,C
A37.wav,C
E84.wav,C
B40.wav,C
E55.wav,C
F82.wav,C
D11.wav,C
E33.wav,C
E23.wav,C
H27.wav,C
G72.wav,C
F100.wav,C
C10.wav,C
I72.wav,C
J21.wav,C
F21.wav,C
A63.wav,C
J86.wav,C
E31.wav,C
E5.wav,C
E67.wav,C
J58.wav,C
G53.wav,C
D66.wav,C
J6.wav,C
E69.wav,C
I11.wav,C
D59.wav,C
B19.wav,C
D60.wav,C
G68.wav,C
B51.wav,C
I128.wav,C
H28.wav,C
D6.wav,C
C22.wav,C
I65.wav,C
G64.wav,C
D46.wav,C
H14.wav,C
B61.wav,C
J67.wav,C
G62.wav,C
F37.wav,C
E75.wav,C
B12.wav,C
D21.wav,C
I21.wav,C
J27.wav,C
F73.wav,C
H13.wav,C
E11.wav,C
F18.wav,C
G36.wav,C
G2.wav,C
B65.wav,C
H5.wav,C
B24.wav,C
G27.wav,C
E50.wav,C
A27.wav,C
B77.wav,C
F79.wav,C
H33.wav,C
G133.wav,C
E136.wav,C
C68.wav,C
C9.wav,C
G17.wav,C
I26.wav,C
J48.wav,C
G28.wav,C
I40.wav,C
G8.wav,C
C52.wav,C
B69.wav,C
A14.wav,C
I45.wav,C
J75.wav,C
F47.wav,C
F96.wav,C
I89.wav,C
B43.wav,C
G75.wav,C
B36.wav,C
J81.wav,C
H3.wav,C
I60.wav,C
F1.wav,C
E25.wav,C
C7.wav,C
A1.wav,C
D50.wav,C
F58.wav,C
A10.wav,C
B41.wav,C
C77.wav,C
B44.wav,C
E85.wav,C
J57.wav,C
G24.wav,C
I69.wav,C
H47.wav,C
J41.wav,C
H24.wav,C
J11.wav,C
I57.wav,C
B62.wav,C
J2.wav,C
F99.wav,C
D22.wav,C
J85.wav,C
E57.wav,C
G127.wav,C
J56.wav,C
J13.wav,C
I103.wav,C
I62.wav,C
A8.wav,C
C20.wav,C
J38.wav,C
A39.wav,C
E62.wav,C
G38.wav,C
G128.wav,C
A60.wav,C
C14.wav,C
A16.wav,C
A69.wav,C
G4.wav,C
G20.wav,C
D67.wav,C
J7.wav,C
B49.wav,C
D1.wav,C
B45.wav,C
G54.wav,C
B9.wav,C
D34.wav,C
B14.wav,C
C51.wav,C
D57.wav,C
D9.wav,C
D2.wav,C
B56.wav,C
G71.wav,C
A44.wav,C
F80.wav,C
J46.wav,C
A19.wav,C
F9.wav,C
C13.wav,C
E71.wav,C
D64.wav,C
J88.wav,C
J42.wav,C
F27.wav,C
E48.wav,C
E41.wav,C
A6.wav,C
D61.wav,C
A125.wav,C
G63.wav,C
G41.wav,C
B33.wav,C
I67.wav,C
J15.wav,C
D29.wav,C
G6.wav,C
B21.wav,C
F40.wav,C
G7.wav,C
J14.wav,C
I51.wav,C
H6.wav,C
F128.wav,C
I25.wav,C
E27.wav,C
E88.wav,C
J45.wav,C
B67.wav,C
J84.wav,C
D8.wav,C
G55.wav,C
F62.wav,C
A59.wav,C
H53.wav,C
F60.wav,C
J44.wav,C
I12.wav,C
B52.wav,C
F13.wav,C
I30.wav,C
H40.wav,C
E44.wav,C
D24.wav,C
H42.wav,C
F49.wav,C
J9.wav,C
H26.wav,C
J20.wav,C
D17.wav,C
B25.wav,C
J74.wav,C
I63.wav,C
F56.wav,C
F53.wav,C
G3.wav,C
G70.wav,C
J66.wav,C
F54.wav,C
D56.wav,C
G40.wav,C
E95.wav,C
E21.wav,C
C45.wav,C
F64.wav,C
G5.wav,C
F38.wav,C
B58.wav,C
H56.wav,C
I59.wav,C
F93.wav,C
I117.wav,C
C30.wav,C
A20.wav,C
B63.wav,C
H19.wav,C
C27.wav,C
F16.wav,C
J69.wav,C
C37.wav,C
E58.wav,C
E66.wav,C
H65.wav,C
A139.wav,C
G32.wav,C
C53.wav,C
A58.wav,C
D53.wav,C
H70.wav,C
J70.wav,C
I88.wav,C
F11.wav,C
D49.wav,C
G48.wav,C
I87.wav,C
J1.wav,C
E4.wav,C
J33.wav,C
H15.wav,C
E59.wav,C
I7.wav,C
I132.wav,C
A68.wav,C
I61.wav,C
C70.wav,C
C55.wav,C
H63.wav,C
G1.wav,C
H52.wav,C
F5.wav,C
E64.wav,C
F34.wav,C
D4.wav,C
G130.wav,C
G10.wav,C
F69.wav,C
E29.wav,C
H61.wav,C
B72.wav,C
J72.wav,C
J50.wav,C
I5.wav,C
C1.wav,C
B13.wav,C
E83.wav,C
A40.wav,C
B35.wav,C
A11.wav,C
G21.wav,C
E94.wav,C
C24.wav,C
A4.wav,C
H66.wav,C
A43.wav,C
C135.wav,C
B48.wav,C
G58.wav,C
C48.wav,C
I34.wav,C
F28.wav,C
C5.wav,C
J73.wav,C
I47.wav,C
J5.wav,C
F87.wav,C
C3.wav,C
G15.wav,C
E86.wav,C
A70.wav,C
F25.wav,C
B54.wav,C
I31.wav,C
B10.wav,C
C71.wav,C
C19.wav,C
C43.wav,C
B53.wav,C
I101.wav,C
I19.wav,C
H49.wav,C
J22.wav,C
F127.wav,C
J63.wav,C
C12.wav,C
F35.wav,C
G44.wav,C
H11.wav,C
D62.wav,C
G131.wav,C
F67.wav,C
F78.wav,C
H7.wav,C
I116.wav,C
G132.wav,C
B76.wav,C
C61.wav,C
J10.wav,C
G34.wav,C
F63.wav,C
C23.wav,C
A33.wav,C
G42.wav,C
B140.wav,C
A26.wav,C
A24.wav,C
C35.wav,C
A56.wav,C
I29.wav,C
B16.wav,C
G45.wav,C
J40.wav,C
C17.wav,C
B74.wav,C
D16.wav,C
H9.wav,C
F26.wav,C
G51.wav,C
J17.wav,C
H36.wav,C
F30.wav,C
F24.wav,C
E20.wav,C
C11.wav,C
F15.wav,C
G18.wav,C
G30.wav,C
E17.wav,C
E73.wav,C
E89.wav,C
A124.wav,C
A32.wav,C
E140.wav,C
J54.wav,C
B39.wav,C
B6.wav,C
J60.wav,C
I85.wav,C
A47.wav,C
J79.wav,C
A45.wav,C
F97.wav,C
F66.wav,C
C54.wav,C
F76.wav,C
G39.wav,C
C63.wav,C
I33.wav,C
E38.wav,C
G134.wav,C
F86.wav,C
C91.wav,C
A41.wav,C
J24.wav,C
J47.wav,C
A51.wav,C
E135.wav,C
E76.wav,C
F42.wav,C
F83.wav,C
J76.wav,C
C78.wav,C
F43.wav,C
F3.wav,C
F29.wav,C
A35.wav,C
B73.wav,C
B78.wav,C
F10.wav,C
C15.wav,C
C8.wav,C
F50.wav,C
H55.wav,C
I115.wav,C
E52.wav,C
D27.wav,C
I35.wav,C
F77.wav,C
J30.wav,C
B38.wav,C
G129.wav,C
A31.wav,C
F2.wav,C
J28.wav,C
I48.wav,C
I1.wav,C
E2.wav,C
H1.wav,C
G65.wav,C
I13.wav,C
F61.wav,C
E47.wav,C
H44.wav,C
C75.wav,C
C40.wav,C
B1.wav,C
B42.wav,C
C56.wav,C
D36.wav,C
F39.wav,C
A57.wav,C
J26.wav,C
D23.wav,C
H16.wav,C
I28.wav,C
I129.wav,C
J29.wav,C
J39.wav,C
E3.wav,C
E81.wav,C
F32.wav,C
F14.wav,C
A30.wav,C
D12.wav,C
E15.wav,C
A34.wav,C
I53.wav,C
D47.wav,C
B47.wav,C
I41.wav,C
B90.wav,C
I42.wav,C
E16.wav,C
F75.wav,C
I104.wav,C
G61.wav,C
F22.wav,C
E42.wav,C
C31.wav,C
